name,ethnicity,gender
Woody,Caucasian (White),Male
Del ,Other,Male
Steven,Mixed,Male
Keli Lu,Asian,Male
Dee,Mixed,Male
Matthew,Caucasian (White),Male
Jules,Black,Male
DERRICK ,Mixed,Male
Andrea,Caucasian (White),Male
Victor,Caucasian (White),Male
Cas,Black,Male
Alex,Caucasian (White),Male
Thomas ,Caucasian (White),Male
Jonathan,Caucasian (White),Male
Darian ,Mixed,Male
George ,Black,Male
Justin,Caucasian (White),Male
Tristan,Caucasian (White),Male
Sebastien,Caucasian (White),Male
Lucas,Other,Male
Phemmy ,Black,Male
Fernando,Hispanic / Latino,Male
John,Black,Male
Jason,Caucasian (White),Male
Cardell,Black,Male
TheCharsidoctor,Mixed,Male
Martin Tyler,Caucasian (White),Male
Mohammad ,Indian,Male
Ê±§‰øäËã±,Other,Male
Jukka,Caucasian (White),Male
Jason ,Mixed,Male
Chris,Caucasian (White),Male
Michael ,Caucasian (White),Male
Al,Mixed,Male
SirLawrence,No Answer,Male
Ron,Black,Male
Daniel,No Answer,Male
Elijah Mike,No Answer,Male
Icarus2596,Black,Male
Ron,No Answer,Male
Common,No Answer,Male
Ahmed,No Answer,Male
Andini,No Answer,Male
V,No Answer,Male
MICHAEL,No Answer,Male
Willains,No Answer,Male
New Guy,No Answer,Male
James,No Answer,Male
Pete ,No Answer,Male
Bobby,No Answer,Male
AtlantaJoe,No Answer,Male
Never,Caucasian (White),Male
Jack,No Answer,Male
James,No Answer,Male
Nathan,No Answer,Male
Andrew,No Answer,Male
Adnaan,No Answer,Male
Nick,No Answer,Male
Thomas,No Answer,Male
SEBASTIEN,Caucasian (White),Male
Biddy,Caucasian (White),Male
Craig,No Answer,Male
Chris,Caucasian (White),Male
Calvin,No Answer,Male
Tom,Caucasian (White),Male
Matt,Caucasian (White),Male
Andrew,No Answer,Male
Gianfranco,Mixed,Male
Ernest,No Answer,Male
Geoff,Mixed,Male
Juan,Caucasian (White),Male
Thomas,No Answer,Male
Miguel,No Answer,Male
Ned,No Answer,Male
Eddy,Caucasian (White),Male
John,No Answer,Male
Neil,No Answer,Male
Matthew,No Answer,Male
David,No Answer,Male
Rolf,No Answer,Male
Jay,No Answer,Male
Paul I,Caucasian (White),Male
Bi Li,No Answer,Male
Hans,No Answer,Male
Jeff,No Answer,Male
Arthur,No Answer,Male
Williams,No Answer,Male
Lawson,No Answer,Male
Justin,No Answer,Male
SAM,No Answer,Male
Doug,No Answer,Male
Edvard,No Answer,Male
Reuben,No Answer,Male
Bumsii,Black,Male
John,No Answer,Male
Peter,No Answer,Male
SAURABH,No Answer,Male
Marc,No Answer,Male
LivingLegend,No Answer,Male
Juan ,No Answer,Male
Sammy,Hispanic / Latino,Male
Juano,Hispanic / Latino,Male
Ludwin  ,Hispanic / Latino,Male
Jeremy,Hispanic / Latino,Male
Eric ,Hispanic / Latino,Male
Edgar ,Hispanic / Latino,Male
Eddie,Hispanic / Latino,Male
Marco,Hispanic / Latino,Male
Diego,Hispanic / Latino,Male
German ,Hispanic / Latino,Male
David,Hispanic / Latino,Male
Francisco,Hispanic / Latino,Male
Robert,Hispanic / Latino,Male
Andy,Hispanic / Latino,Male
Anthony,Hispanic / Latino,Male
Daniel,Hispanic / Latino,Male
Rod,Hispanic / Latino,Male
Esteban,Hispanic / Latino,Male
Juan Carlos,Hispanic / Latino,Male
Joel,Hispanic / Latino,Male
Manny,Hispanic / Latino,Male
Elchulo,Hispanic / Latino,Male
Edwin,Hispanic / Latino,Male
Jesus ,Hispanic / Latino,Male
Joe ,Hispanic / Latino,Male
Ombre',Hispanic / Latino,Male
Derek,Hispanic / Latino,Male
Odyssey,Hispanic / Latino,Male
ROGER,Hispanic / Latino,Male
Jacob ,Hispanic / Latino,Male
Larry,Hispanic / Latino,Male
Javy,Hispanic / Latino,Male
Joseph ,Hispanic / Latino,Male
Carlos,Hispanic / Latino,Male
Victor,Hispanic / Latino,Male
Jeff,Hispanic / Latino,Male
Enrique,Hispanic / Latino,Male
Oscar,Hispanic / Latino,Male
Youwillbeamazed,Hispanic / Latino,Male
Keith,Hispanic / Latino,Male
Luis ,Hispanic / Latino,Male
Nico,Hispanic / Latino,Male
Soren,Hispanic / Latino,Male
Damon,Hispanic / Latino,Male
Jose,Hispanic / Latino,Male
Juan,Hispanic / Latino,Male
Daniel,Hispanic / Latino,Male
Michael  ,Hispanic / Latino,Male
Daniel,Hispanic / Latino,Male
George,Hispanic / Latino,Male
Javier,Hispanic / Latino,Male
Jose,Hispanic / Latino,Male
Leonel,Hispanic / Latino,Male
Darin,Hispanic / Latino,Male
Carlos,Hispanic / Latino,Male
Andres,Hispanic / Latino,Male
Daniel,Hispanic / Latino,Male
Rafa,Hispanic / Latino,Male
Taiwo,Hispanic / Latino,Male
üôÇüìô E Pitilingorri Quirox,No Answer,Male
Gabriel,Hispanic / Latino,Male
Ricardo,Hispanic / Latino,Male
Ac,Hispanic / Latino,Male
Roberto A,Hispanic / Latino,Male
Paulo ,Hispanic / Latino,Male
Jonathan,Hispanic / Latino,Male
Carlos ,Hispanic / Latino,Male
Juan Antonio,Hispanic / Latino,Male
Frankie ,Hispanic / Latino,Male
Tony,Hispanic / Latino,Male
John,Hispanic / Latino,Male
Pedro,Hispanic / Latino,Male
Mateo,Hispanic / Latino,Male
Ray,Hispanic / Latino,Male
Alonzo,Hispanic / Latino,Male
Julian,Hispanic / Latino,Male
H√©ctor ,Hispanic / Latino,Male
Robert,Hispanic / Latino,Male
James,Hispanic / Latino,Male
Jonny,Hispanic / Latino,Male
Charles,Hispanic / Latino,Male
Ken,Hispanic / Latino,Male
Ricky,Hispanic / Latino,Male
Antonio,Hispanic / Latino,Male
Juan,Hispanic / Latino,Male
Hector,Hispanic / Latino,Male
Diego ,Hispanic / Latino,Male
Gustavo,Hispanic / Latino,Male
Michael,Hispanic / Latino,Male
Ricco,Hispanic / Latino,Male
Ramon,Hispanic / Latino,Male
Douglas,Hispanic / Latino,Male
Rafael,Hispanic / Latino,Male
Carlos,Hispanic / Latino,Male
Erick,Hispanic / Latino,Male
Rico,Hispanic / Latino,Male
Pedro Bone Jr,Hispanic / Latino,Male
Fernando,Hispanic / Latino,Male
Kylyan,Hispanic / Latino,Male
Spencer,Hispanic / Latino,Male
Harold,Caucasian (White),Male
Michael,Black,Male
Serge,Mixed,Male
Ante,Caucasian (White),Male
Terence,Caucasian (White),Male
John,Black,Male
Emmanuel,Caucasian (White),Male
Akash,No Answer,Male
Jason,Asian,Male
Kabir,Caucasian (White),Male
Sahrabeel,Asian,Male
„Ç∑„Éû„Ç¶„Éû ü¶ì ,Indian,Male
Noble,Black,Male
Eriz ,Caucasian (White),Male
Eric,No Answer,Male
David,Caucasian (White),Male
Tony,Caucasian (White),Male
Raymond,Caucasian (White),Male
Chris,No Answer,Male
Mark,Hispanic / Latino,Male
Huw,Caucasian (White),Male
Jay,Caucasian (White),Male
David,Caucasian (White),Male
Jean,Caucasian (White),Male
Ashar,Caucasian (White),Male
Simon,Asian,Male
Walid,Caucasian (White),Male
Tim,Arab (Middle Eastern),Male
George ,Caucasian (White),Male
Matt,Other,Male
Clarence,Caucasian (White),Male
Freddie,Mixed,Male
Valentino,Caucasian (White),Male
Jamil,No Answer,Male
John,Mixed,Male
Alec,Caucasian (White),Male
ApplesAuthor,Caucasian (White),Male
Hritik ,Caucasian (White),Male
Ali,Asian,Male
Tom,Other,Male
Shakeel,Caucasian (White),Male
Ryan,Asian,Male
Wayne,Caucasian (White),Male
Kany ,Black,Male
Kent,No Answer,Male
James,Caucasian (White),Male
Smart ,Black,Male
Joseph,Asian,Male
John,Caucasian (White),Male
Aubrey,Hispanic / Latino,Male
Stephen,No Answer,Male
Michael ,Caucasian (White),Male
Adonis,No Answer,Male
Michael....,Asian,Male
Brian,Caucasian (White),Male
Aamir,Caucasian (White),Male
Martin,Asian,Male
Glenn,Caucasian (White),Male
King,Asian,Male
Roman,Mixed,Male
Blessing,Hispanic / Latino,Male
George,No Answer,Male
Sam,Caucasian (White),Male
Chuck ,Mixed,Male
Jack,Caucasian (White),Male
Snyder,Caucasian (White),Male
Darren ,No Answer,Male
Jay,Caucasian (White),Male
David ,Pacific Islander,Male
Shayne,Caucasian (White),Male
Henry,Caucasian (White),Male
Charles,Black,Male
Ryan,Other,Male
MIke,Mixed,Male
Navinder,Caucasian (White),Male
Barry,Indian,Male
Tyrone,Caucasian (White),Male
Ross,Black,Male
Jim,Caucasian (White),Male
Preslav,Caucasian (White),Male
John,Caucasian (White),Male
Gary ,Asian,Male
Gregory,Caucasian (White),Male
Chrissy ,No Answer,Male
Alan,No Answer,Male
Paul,Caucasian (White),Male
T. Mark,Caucasian (White),Male
Neals,Mixed,Male
Anthony,Black,Male
Stephen,Caucasian (White),Male
Kumar,Caucasian (White),Male
Justin,Indian,Male
Dani,Caucasian (White),Male
James ,Caucasian (White),Male
David,Caucasian (White),Male
AL,Caucasian (White),Male
Mohammad ,Caucasian (White),Male
Martin,Indian,Male
ROBERT,Other,Male
Kaylee,Caucasian (White),Male
Bayonetta,Asian,Female
Nikko,Asian,Female
Vicky,Asian,Female
VALERIA,Asian,Female
VOle,Caucasian (White),Female
Lily,Caucasian (White),Female
Ann,Asian,Female
Hailey,Asian,Female
Konstantina,Asian,Female
VALERIA,Asian,Female
Valeria,Caucasian (White),Female
VALERIA,Caucasian (White),Female
VALERIA,Caucasian (White),Female
VALERIA,Mixed,Female
VALERIA,Caucasian (White),Female
VALERIA,Caucasian (White),Female
Valeria,Caucasian (White),Female
Mjcydmn,Caucasian (White),Female
Mia,Asian,Female
Val,Asian,Female
Valeria,Mixed,Female
Xiaomin ,Caucasian (White),Female
LOveLAble.ValeraA,Asian,Female
Vivian,Caucasian (White),Female
Jili,Asian,Female
Shine,Asian,Female
WC Clover_hello,Asian,Female
ÊÖ∂Áé≤,Asian,Female
Cecilia,Asian,Female
Maggie,Asian,Female
Fiona,Asian,Female
Alice ,Asian,Female
Ellie,Asian,Female
Sandra,Black,Female
Lynn,Asian,Female
ÂìàËææËéé,Asian,Female
Sabrina,Asian,Female
Frances,Asian,Female
Angela,Asian,Female
Jade,Asian,Female
Zheng,Asian,Female
Ping,No Answer,Female
Nicole,Asian,Female
Olivia,Asian,Female
Chenwenwen,Asian,Female
Renee188,Asian,Female
Lily,Asian,Female
Kerry,Asian,Female
A,Asian,Female
Tina,Asian,Female
Shuang,Asian,Female
Vicky ,Asian,Female
XiaoLi,Asian,Female
ÂøÜÂ©∑,Asian,Female
Phyllis ,Asian,Female
Katherine,Asian,Female
Talia,Asian,Female
Shu,Asian,Female
Crystal,Asian,Female
Vivien,Asian,Female
Snow ,Asian,Female
Lovelyheart,Asian,Female
Á©∫Ë∞∑ÂπΩÂÖ∞,Asian,Female
Xiaomin ,Asian,Female
Lan,Asian,Female
Tina,Asian,Female
Hi,Asian,Female
Anna ,Asian,Female
Runan ,Asian,Female
Amy ,Asian,Female
Brenda,Asian,Female
Monica,Asian,Female
Chanel,Asian,Female
Êù®Ê∑ë‰∫ë,Asian,Female
Olivia,Asian,Female
Juju,Asian,Female
Michelle ,Asian,Female
Lovelylady,Asian,Female
Huixia,Asian,Female
Ada,Asian,Female
Zhao ,Asian,Female
Stella,Asian,Female
Madie,Asian,Female
Catherine,Asian,Female
Jinxiu ,Asian,Female
Viola ,Asian,Female
Yi Hui,Asian,Female
Seeklove,Asian,Female
Yaqing,Asian,Female
Lois,Asian,Female
Kelly,Asian,Female
Ying,Asian,Female
Josephine,Asian,Female
Helen,Asian,Female
Juliet,Asian,Female
Shirley,No Answer,Female
Jane,Asian,Female
Linda,Asian,Female
Jenny ,No Answer,Female
Ullah,Asian,Female
Diorrana,Hispanic / Latino,Female
Toty,Hispanic / Latino,Female
Camila ,Hispanic / Latino,Female
Rochell,Hispanic / Latino,Female
Ammy,Hispanic / Latino,Female
Amy,Hispanic / Latino,Female
Briana,Hispanic / Latino,Female
Koko,Hispanic / Latino,Female
Denice ,Hispanic / Latino,Female
Maria,Hispanic / Latino,Female
Idalmis,Hispanic / Latino,Female
Flavia,Hispanic / Latino,Female
Monica,Hispanic / Latino,Female
Evelisa,Hispanic / Latino,Female
Amarilis,Hispanic / Latino,Female
Bela ,Hispanic / Latino,Female
Rocio,Hispanic / Latino,Female
Daiane,Hispanic / Latino,Female
Diana,Hispanic / Latino,Female
AYLA,Hispanic / Latino,Female
Cleia,Hispanic / Latino,Female
Laura,Hispanic / Latino,Female
Marta,Hispanic / Latino,Female
Lunna,Hispanic / Latino,Female
Karla,Hispanic / Latino,Female
Mari,Hispanic / Latino,Female
Kakau,Hispanic / Latino,Female
Gaby ,Hispanic / Latino,Female
Lena,Hispanic / Latino,Female
Nanita ,Hispanic / Latino,Female
Elvira,Hispanic / Latino,Female
Isa,Hispanic / Latino,Female
Steffane,Hispanic / Latino,Female
Tango,Hispanic / Latino,Female
Gloria,Hispanic / Latino,Female
Diana,Hispanic / Latino,Female
 andrea,Hispanic / Latino,Female
Aymar,Hispanic / Latino,Female
Gloria,Hispanic / Latino,Female
Marah,Hispanic / Latino,Female
Maria,Hispanic / Latino,Female
Liz,Hispanic / Latino,Female
Delia,Hispanic / Latino,Female
Bruny,Hispanic / Latino,Female
SANDY,Hispanic / Latino,Female
Tha√≠z,Hispanic / Latino,Female
Elizabeth,Hispanic / Latino,Female
Javiera,Hispanic / Latino,Female
Maria,Hispanic / Latino,Female
Elliett,Hispanic / Latino,Female
Karen ,Hispanic / Latino,Female
Alba,Hispanic / Latino,Female
Aly,Hispanic / Latino,Female
Lore,Hispanic / Latino,Female
Eliana,Hispanic / Latino,Female
Sunflower,Hispanic / Latino,Female
Fabiana,Hispanic / Latino,Female
Salonia,Hispanic / Latino,Female
Leticia,Hispanic / Latino,Female
M√≠a,Hispanic / Latino,Female
Edna,Hispanic / Latino,Female
Catalina,Hispanic / Latino,Female
Flor,Hispanic / Latino,Female
Jackie,Hispanic / Latino,Female
Liliana,Hispanic / Latino,Female
Nisha,Hispanic / Latino,Female
Melissa,Hispanic / Latino,Female
Karla,Hispanic / Latino,Female
Vantasha ,Hispanic / Latino,Female
Lily,Hispanic / Latino,Female
Delys,Hispanic / Latino,Female
Cat,Hispanic / Latino,Female
Christina,Hispanic / Latino,Female
Zamantha ,Hispanic / Latino,Female
Alicia,Hispanic / Latino,Female
L√¨a ,Hispanic / Latino,Female
Carmen,Hispanic / Latino,Female
Elizabeth,Hispanic / Latino,Female
Bleh,Hispanic / Latino,Female
Mia,Hispanic / Latino,Female
Zarrisya,Hispanic / Latino,Female
Yvy,Hispanic / Latino,Female
Stella,Hispanic / Latino,Female
Christine,Hispanic / Latino,Female
Karina,Hispanic / Latino,Female
Tasniel,Hispanic / Latino,Female
Lea,Hispanic / Latino,Female
Ximena,Hispanic / Latino,Female
Ana,Hispanic / Latino,Female
Sandra,Hispanic / Latino,Female
Soniaüíô,Hispanic / Latino,Female
Debbie,Hispanic / Latino,Female
Miriam,Hispanic / Latino,Female
Mariana ,Hispanic / Latino,Female
Kandi,Hispanic / Latino,Female
Karolina,Hispanic / Latino,Female
Mariana,Hispanic / Latino,Female
Arleth,Hispanic / Latino,Female
Leisi ,Hispanic / Latino,Female
Mas,Hispanic / Latino,Female
Vivian,Asian,Female
Shari,Chinese,Female
Siti,Other,Female
Carol,Asian,Female
Lisa,Chinese,Female
Riya,Caucasian (White),Female
Vanessa,Mixed,Female
Sunthari,Mixed,Female
Johanna,Indian,Female
Yoong Cheng,Mixed,Female
Debra,Chinese,Female
Georgie,Asian,Female
Erny,Chinese,Female
 rita,Asian,Female
Nurul ,Indian,Female
Reen,Malay,Female
Ashley,Mixed,Female
Nina,Mixed,Female
Charlotte,Asian,Female
Sky-pe.kkelikk.,Chinese,Female
Leona,Mixed,Female
Berna,Asian,Female
Meraphi,Other,Female
Leah,Asian,Female
Hannie,Black,Female
Emma,Mixed,Female
Suzzy,Mixed,Female
Queen of the stars,Chinese,Female
Sheena,Chinese,Female
Kanageswary Paramasivam,Chinese,Female
Rose,Indian,Female
Hazel,Chinese,Female
VK,Mixed,Female
Angelina,Asian,Female
SUZAN,Asian,Female
Sangita ,Other,Female
Seleste,Indian,Female
Anya,Chinese,Female
Dina,Asian,Female
Radha ,Asian,Female
Shantini,Indian,Female
Caroline,Asian,Female
Neida ,Asian,Female
Ghel,Asian,Female
Bella,Asian,Female
Betsy,Malay,Female
Win,Caucasian (White),Female
Tamilmani,Asian,Female
Angela,Pacific Islander,Female
Wendy,Asian,Female
Sarab,Chinese,Female
Angelia,Indian,Female
Tushaani,Chinese,Female
Karen,Indian,Female
Zulaikha,Asian,Female
Yazliza,Malay,Female
Teddy,Asian,Female
Quinnbee,Indian,Female
Sbb-999,Malay,Female
Elle,Chinese,Female
HEMA,Mixed,Female
Tomiko,Indian,Female
Aria,Asian,Female
ChrisLind,Chinese,Female
Lisa,Indian,Female
S.,Mixed,Female
Estelle,Asian,Female
Katherine,Caucasian (White),Female
Kerrey,Caucasian (White),Female
Shuzulkifle,Asian,Female
Bel,Malay,Female
Shadow,Chinese,Female
Aileen,Asian,Female
Ana,Asian,Female
Ika,Asian,Female
Kynaa,Mixed,Female
Zara,Other,Female
Gwendaline,Chinese,Female
Xian,Chinese,Female
Reen,Asian,Female
Mala,Chinese,Female
Ee Lin,Indian,Female
Shelly,Chinese,Female
Sally,Chinese,Female
Priya,Asian,Female
Liza,Indian,Female
Shanty,Asian,Female
Donna,Indian,Female
Anna,Asian,Female
Sharmini,Caucasian (White),Female
Ann,Indian,Female
Cindy,Mixed,Female
Reesha,Chinese,Female
Hazel ,Mixed,Female
Mag,Mixed,Female
Cheerie,Chinese,Female
Joie,Chinese,Female
Daeng ,Caucasian (White),Female
Anastasia,Malay,Female
,Other,Female
Stela,No Answer,Female
DeeDee36,Mixed,Female
M√°rcia,Caucasian (White),Female
Vals,Mixed,Female
Valeria,Mixed,Female
Larissa,Caucasian (White),Female
Nathali,Caucasian (White),Female
Leticia,No Answer,Female
Andressa,Prefer not to say,Female
Tarsila,Mixed,Female
Welaynne,Hispanic / Latino,Female
Fer,Caucasian (White),Female
Sueli,Pacific Islander,Female
Adriana,Caucasian (White),Female
Voiva,Hispanic / Latino,Female
Larah,Hispanic / Latino,Female
Raquel,Caucasian (White),Female
Cristiane ,Caucasian (White),Female
Andressa,Mixed,Female
Alexandra,Hispanic / Latino,Female
Paloma,Hispanic / Latino,Female
Micaela,Hispanic / Latino,Female
Danni,Caucasian (White),Female
Mel,Hispanic / Latino,Female
Karla ,Hispanic / Latino,Female
Ana,Caucasian (White),Female
Marcia,Mixed,Female
Ana,Caucasian (White),Female
Beatriz,Caucasian (White),Female
Cristina,Hispanic / Latino,Female
Elvyra,Mixed,Female
Sarah,Hispanic / Latino,Female
Laura,Hispanic / Latino,Female
Camila,Hispanic / Latino,Female
Eulalia ,Hispanic / Latino,Female
Cris,Hispanic / Latino,Female
Cacau,Caucasian (White),Female
Amelia,Black,Female
Pamela,Caucasian (White),Female
Lu,Black,Female
Mariana,Hispanic / Latino,Female
AYLA,Hispanic / Latino,Female
GABRIELA,Hispanic / Latino,Female
Estela ,Caucasian (White),Female
Mila,Mixed,Female
Suzana ,No Answer,Female
Vanessa,No Answer,Female
Kristen,No Answer,Female
Teresa,No Answer,Female
Deyse,No Answer,Female
Nathi,Hispanic / Latino,Female
Truepisces,No Answer,Female
Regina,Other,Female
Carla ,Caucasian (White),Female
Camila,No Answer,Female
Sheila,No Answer,Female
Nara ,Caucasian (White),Female
Cleyde,No Answer,Female
Layna,No Answer,Female
M√¥nica,Caucasian (White),Female
Fine & sensitive & funny,No Answer,Female
Meichelle,No Answer,Female
Marcia ,No Answer,Female
Priscila,No Answer,Female
Cristina ,Black,Female
L_u_a,No Answer,Female
Mi_007,Hispanic / Latino,Female
Fabiola,No Answer,Female
Diva ,No Answer,Female
Maria,Other,Female
Hevelyn,No Answer,Female
Mikarilly,No Answer,Female
Kylie,No Answer,Female
Jacqueline,No Answer,Female
Let√≠cia,No Answer,Female
Rosemary,No Answer,Female
Beta,No Answer,Female
Nany,No Answer,Female
Ivanilde,No Answer,Female
Ana,Hispanic / Latino,Female
Ana,No Answer,Female
Antolena ,No Answer,Female
Andrea,Caucasian (White),Female
Siliana ,No Answer,Female
Roberta,No Answer,Female
Gata ,No Answer,Female
Paula,Caucasian (White),Female
Laura,Hispanic / Latino,Female
Louanna ,No Answer,Female
Patricia,No Answer,Female
Amanda ,No Answer,Female
Clara,No Answer,Female
Am,No Answer,Female
Smilealittlesmile,No Answer,Female
Thaysa,Caucasian (White),Female
GRA√áA,No Answer,Female
Janaina,No Answer,Female
Suellen,No Answer,Female
Carla,No Answer,Female
Juliana,No Answer,Female
Brian,Other,Male
Travis,No Answer,Male
Rob,Caucasian (White),Male
Marvice ,Black,Male
Juliano,Caucasian (White),Male
ALEX ,Caucasian (White),Male
Malik ,Asian,Male
Paulo ,Hispanic / Latino,Male
Lindo-bisex,Caucasian (White),Male
Carlos,Caucasian (White),Male
Babak,Other,Male
Tony,Hispanic / Latino,Male
Tom ,Caucasian (White),Male
Joe,Caucasian (White),Male
John ,Caucasian (White),Male
Marcello,Hispanic / Latino,Male
James,Black,Male
Robert,Caucasian (White),Male
Dilton,Caucasian (White),Male
Adam,Caucasian (White),Male
Vic,Caucasian (White),Male
Vito ,Caucasian (White),Male
Richard,No Answer,Male
David,Caucasian (White),Male
Jean ,No Answer,Male
Hans,No Answer,Male
Ildeu ,Caucasian (White),Male
Thiago,No Answer,Male
George,No Answer,Male
Marcus,No Answer,Male
Sunil,No Answer,Male
Attila,Caucasian (White),Male
Guilherme,No Answer,Male
Andre l,No Answer,Male
Collins,No Answer,Male
Jos√© ,No Answer,Male
Manuel,No Answer,Male
Russell,No Answer,Male
Scott,No Answer,Male
Ced ,Caucasian (White),Male
Lou,No Answer,Male
Ian,No Answer,Male
Anjomaduro,No Answer,Male
Steve,No Answer,Male
Betosandro,Hispanic / Latino,Male
Kristian,No Answer,Male
Nicholas,No Answer,Male
Kieran,No Answer,Male
L,Caucasian (White),Male
Michael ,No Answer,Male
Travis,No Answer,Male
Chriss,No Answer,Male
Gabriel,No Answer,Male
Claudio ,No Answer,Male
Lewis,No Answer,Male
Enzo,No Answer,Male
Jack,Caucasian (White),Male
Edy,Caucasian (White),Male
Stephen,No Answer,Male
Hi,No Answer,Male
ANDRE,No Answer,Male
Renato,No Answer,Male
 Reyzinho,No Answer,Male
Robert,No Answer,Male
Steve,No Answer,Male
Marco,No Answer,Male
Kiran,No Answer,Male
Marcos ,No Answer,Male
BCDANI,No Answer,Male
Will,No Answer,Male
Danny ,Caucasian (White),Male
Addison,Black,Male
Gabriel,Hispanic / Latino,Male
Claudio ,No Answer,Male
Joseph,No Answer,Male
Aderivaldo,Caucasian (White),Male
Thello,No Answer,Male
Marcio,No Answer,Male
Kingofsparta,No Answer,Male
Francis,No Answer,Male
Weverton ,No Answer,Male
Marcelo ,No Answer,Male
Safa,No Answer,Male
Raymond,No Answer,Male
Eric,No Answer,Male
Neil,Caucasian (White),Male
Guilherme,No Answer,Male
JB,No Answer,Male
Newman,Black,Male
Pablo,No Answer,Male
Alex,No Answer,Male
TANAKA,No Answer,Male
Michael,No Answer,Male
Virgil,Mixed,Male
David,Caucasian (White),Male
Marco,Hispanic / Latino,Male
Bernardo,Caucasian (White),Male
Guilherme,No Answer,Male
Lamar ,Prefer not to say,Male
Osvaldo ,Prefer not to say,Male
